year,Team,wins,losses,W-L%,home_w,home_l,road_w,road_l,confrence_w,confrence_l,semifinal_w,semifinal_l,conf_final_w,conf_final_l,final_w,final_l,organization
2018,Atlanta Hawks,14,30,0.318,8,11,6,19,0,0,0,0,0,0,0,0,nba
2018,Boston Celtics,26,18,0.591,16,5,10,13,1,0,1,0,0,1,0,0,nba
2018,Brooklyn Nets,23,23,0.5,12,11,11,12,0,0,0,0,0,0,0,0,nba
2018,Charlotte Hornets,21,23,0.477,15,8,6,15,0,0,0,0,0,0,0,0,nba
2018,Chicago Bulls,10,35,0.222,5,16,5,19,0,0,0,0,0,0,0,0,nba
2018,Cleveland Cavaliers,9,36,0.2,5,17,4,19,1,0,1,0,1,0,0,1,nba
2018,Dallas Mavericks,20,24,0.455,16,6,4,18,0,0,0,0,0,0,0,0,nba
2018,Denver Nuggets,30,14,0.682,19,4,11,10,0,0,0,0,0,0,0,0,nba
2018,Detroit Pistons,19,24,0.442,12,10,7,14,0,0,0,0,0,0,0,0,nba
2018,Golden State Warriors,31,14,0.689,18,6,13,8,1,0,1,0,1,0,1,0,nba
2018,Houston Rockets,25,19,0.568,16,7,9,12,1,0,1,0,0,1,0,0,nba
2018,Indiana Pacers,29,15,0.659,15,6,14,9,0,1,0,0,0,0,0,0,nba
2018,Los Angeles Clippers,24,20,0.545,14,9,10,11,0,0,0,0,0,0,0,0,nba
2018,Los Angeles Lakers,25,21,0.543,15,9,10,11,0,0,0,0,0,0,0,0,nba
2018,Memphis Grizzlies,19,25,0.432,11,10,8,15,0,0,0,0,0,0,0,0,nba
2018,Miami Heat,21,21,0.5,11,12,10,9,0,1,0,0,0,0,0,0,nba
2018,Milwaukee Bucks,32,12,0.727,20,4,12,8,0,1,0,0,0,0,0,0,nba
2018,Minnesota Timberwolves,21,23,0.477,15,7,6,16,0,1,0,0,0,0,0,0,nba
2018,New Orleans Pelicans,21,24,0.467,15,6,6,18,1,0,0,1,0,0,0,0,nba
2018,New York Knicks,10,34,0.227,4,14,6,20,0,0,0,0,0,0,0,0,nba
2018,Oklahoma City Thunder,26,18,0.591,14,7,12,11,0,1,0,0,0,0,0,0,nba
2018,Orlando Magic,19,25,0.432,12,11,7,14,0,0,0,0,0,0,0,0,nba
2018,Philadelphia 76ers,30,16,0.652,19,4,11,12,1,0,0,1,0,0,0,0,nba
2018,Phoenix Suns,11,35,0.239,5,16,4,18,0,0,0,0,0,0,0,0,nba
2018,Portland Trail Blazers,27,19,0.587,19,7,8,12,0,1,0,0,0,0,0,0,nba
2018,Sacramento Kings,23,22,0.511,14,10,9,12,0,0,0,0,0,0,0,0,nba
2018,San Antonio Spurs,26,20,0.565,18,6,8,14,0,1,0,0,0,0,0,0,nba
2018,Toronto Raptors,34,13,0.723,19,4,15,9,1,0,0,1,0,0,0,0,nba
2018,Utah Jazz,25,21,0.543,12,8,13,13,1,0,0,1,0,0,0,0,nba
2018,Washington Wizards,19,26,0.422,14,8,5,18,0,1,0,0,0,0,0,0,nba
2017,Atlanta Hawks,24,58,0.293,16,25,8,33,0,1,0,0,0,0,0,0,nba
2017,Boston Celtics,55,27,0.671,27,14,28,13,1,0,1,0,0,1,0,0,nba
2017,Brooklyn Nets,28,54,0.341,15,26,13,28,0,0,0,0,0,0,0,0,nba
2017,Charlotte Hornets,36,46,0.439,21,20,15,26,0,0,0,0,0,0,0,0,nba
2017,Chicago Bulls,27,55,0.329,17,24,10,31,0,1,0,0,0,0,0,0,nba
2017,Cleveland Cavaliers,50,32,0.61,29,12,21,20,1,0,1,0,1,0,0,1,nba
2017,Dallas Mavericks,24,58,0.293,15,26,9,32,0,0,0,0,0,0,0,0,nba
2017,Denver Nuggets,46,36,0.561,31,10,15,26,0,0,0,0,0,0,0,0,nba
2017,Detroit Pistons,39,43,0.476,25,16,14,27,0,0,0,0,0,0,0,0,nba
2017,Golden State Warriors,58,24,0.707,29,12,29,12,1,0,1,0,1,0,1,0,nba
2017,Houston Rockets,65,17,0.793,34,7,31,10,1,0,0,1,0,0,0,0,nba
2017,Indiana Pacers,48,34,0.585,27,14,21,20,0,1,0,0,0,0,0,0,nba
2017,Los Angeles Clippers,42,40,0.512,22,19,20,21,0,1,0,0,0,0,0,0,nba
2017,Los Angeles Lakers,35,47,0.427,20,21,15,26,0,0,0,0,0,0,0,0,nba
2017,Memphis Grizzlies,22,60,0.268,16,25,6,35,0,1,0,0,0,0,0,0,nba
2017,Miami Heat,44,38,0.537,26,15,18,23,0,0,0,0,0,0,0,0,nba
2017,Milwaukee Bucks,44,38,0.537,25,16,19,22,0,1,0,0,0,0,0,0,nba
2017,Minnesota Timberwolves,47,35,0.573,30,11,17,24,0,0,0,0,0,0,0,0,nba
2017,New Orleans Pelicans,48,34,0.585,24,17,24,17,0,0,0,0,0,0,0,0,nba
2017,New York Knicks,29,53,0.354,19,22,10,31,0,0,0,0,0,0,0,0,nba
2017,Oklahoma City Thunder,48,34,0.585,27,14,21,20,0,1,0,0,0,0,0,0,nba
2017,Orlando Magic,25,57,0.305,17,24,8,33,0,0,0,0,0,0,0,0,nba
2017,Philadelphia 76ers,52,30,0.634,30,11,22,19,0,0,0,0,0,0,0,0,nba
2017,Phoenix Suns,21,61,0.256,10,31,11,30,0,0,0,0,0,0,0,0,nba
2017,Portland Trail Blazers,49,33,0.598,28,13,21,20,0,1,0,0,0,0,0,0,nba
2017,Sacramento Kings,27,55,0.329,14,27,13,28,0,0,0,0,0,0,0,0,nba
2017,San Antonio Spurs,47,35,0.573,33,8,14,27,1,0,1,0,0,1,0,0,nba
2017,Toronto Raptors,59,23,0.72,34,7,25,16,1,0,0,1,0,0,0,0,nba
2017,Utah Jazz,48,34,0.585,28,13,20,21,1,0,0,1,0,0,0,0,nba
2017,Washington Wizards,43,39,0.524,23,18,20,21,1,0,0,1,0,0,0,0,nba
2016,Atlanta Hawks,43,39,0.524,23,18,20,21,1,0,0,1,0,0,0,0,nba
2016,Boston Celtics,53,29,0.646,30,11,23,18,0,1,0,0,0,0,0,0,nba
2016,Brooklyn Nets,20,62,0.244,13,28,7,34,0,0,0,0,0,0,0,0,nba
2016,Charlotte Hornets,36,46,0.439,22,19,14,27,0,1,0,0,0,0,0,0,nba
2016,Chicago Bulls,41,41,0.5,25,16,16,25,0,0,0,0,0,0,0,0,nba
2016,Cleveland Cavaliers,51,31,0.622,31,10,20,21,1,0,1,0,1,0,1,0,nba
2016,Dallas Mavericks,33,49,0.402,21,20,12,29,0,1,0,0,0,0,0,0,nba
2016,Denver Nuggets,40,42,0.488,22,19,18,23,0,0,0,0,0,0,0,0,nba
2016,Detroit Pistons,37,45,0.451,24,17,13,28,0,1,0,0,0,0,0,0,nba
2016,Golden State Warriors,67,15,0.817,36,5,31,10,1,0,1,0,1,0,0,1,nba
2016,Houston Rockets,55,27,0.671,30,11,25,16,0,1,0,0,0,0,0,0,nba
2016,Indiana Pacers,42,40,0.512,29,12,13,28,0,1,0,0,0,0,0,0,nba
2016,Los Angeles Clippers,51,31,0.622,29,12,22,19,0,1,0,0,0,0,0,0,nba
2016,Los Angeles Lakers,26,56,0.317,17,24,9,32,0,0,0,0,0,0,0,0,nba
2016,Memphis Grizzlies,43,39,0.524,24,17,19,22,0,1,0,0,0,0,0,0,nba
2016,Miami Heat,41,41,0.5,23,18,18,23,1,0,0,1,0,0,0,0,nba
2016,Milwaukee Bucks,42,40,0.512,23,18,19,22,0,0,0,0,0,0,0,0,nba
2016,Minnesota Timberwolves,31,51,0.378,20,21,11,30,0,0,0,0,0,0,0,0,nba
2016,New Orleans Pelicans,34,48,0.415,21,20,13,28,0,0,0,0,0,0,0,0,nba
2016,New York Knicks,31,51,0.378,19,22,12,29,0,0,0,0,0,0,0,0,nba
2016,Oklahoma City Thunder,47,35,0.573,28,13,19,22,1,0,1,0,0,1,0,0,nba
2016,Orlando Magic,29,53,0.354,16,25,13,28,0,0,0,0,0,0,0,0,nba
2016,Philadelphia 76ers,28,54,0.341,17,24,11,30,0,0,0,0,0,0,0,0,nba
2016,Phoenix Suns,24,58,0.293,15,26,9,32,0,0,0,0,0,0,0,0,nba
2016,Portland Trail Blazers,41,41,0.5,25,16,16,25,1,0,0,1,0,0,0,0,nba
2016,Sacramento Kings,32,50,0.39,17,24,15,26,0,0,0,0,0,0,0,0,nba
2016,San Antonio Spurs,61,21,0.744,31,10,30,11,1,0,0,1,0,0,0,0,nba
2016,Toronto Raptors,51,31,0.622,28,13,23,18,1,0,1,0,0,1,0,0,nba
2016,Utah Jazz,51,31,0.622,29,12,22,19,0,0,0,0,0,0,0,0,nba
2016,Washington Wizards,49,33,0.598,30,11,19,22,0,0,0,0,0,0,0,0,nba
2015,Atlanta Hawks,48,34,0.585,27,14,21,20,1,0,1,0,0,1,0,0,nba
2015,Boston Celtics,48,34,0.585,28,13,20,21,0,1,0,0,0,0,0,0,nba
2015,Brooklyn Nets,21,61,0.256,14,27,7,34,0,1,0,0,0,0,0,0,nba
2015,Charlotte Hornets,48,34,0.585,30,11,18,23,0,0,0,0,0,0,0,0,nba
2015,Chicago Bulls,42,40,0.512,26,15,16,25,1,0,0,1,0,0,0,0,nba
2015,Cleveland Cavaliers,57,25,0.695,33,8,24,17,1,0,1,0,1,0,0,1,nba
2015,Dallas Mavericks,42,40,0.512,23,18,19,22,0,1,0,0,0,0,0,0,nba
2015,Denver Nuggets,33,49,0.402,18,23,15,26,0,0,0,0,0,0,0,0,nba
2015,Detroit Pistons,44,38,0.537,26,15,18,23,0,0,0,0,0,0,0,0,nba
2015,Golden State Warriors,73,9,0.89,39,2,34,7,1,0,1,0,1,0,1,0,nba
2015,Houston Rockets,41,41,0.5,23,18,18,23,1,0,1,0,0,1,0,0,nba
2015,Indiana Pacers,45,37,0.549,26,15,19,22,0,0,0,0,0,0,0,0,nba
2015,Los Angeles Clippers,53,29,0.646,29,12,24,17,1,0,0,1,0,0,0,0,nba
2015,Los Angeles Lakers,17,65,0.207,12,29,5,36,0,0,0,0,0,0,0,0,nba
2015,Memphis Grizzlies,42,40,0.512,26,15,16,25,1,0,0,1,0,0,0,0,nba
2015,Miami Heat,48,34,0.585,28,13,20,21,0,0,0,0,0,0,0,0,nba
2015,Milwaukee Bucks,33,49,0.402,23,18,10,31,0,1,0,0,0,0,0,0,nba
2015,Minnesota Timberwolves,29,53,0.354,14,27,15,26,0,0,0,0,0,0,0,0,nba
2015,New Orleans Pelicans,30,52,0.366,21,20,9,32,0,1,0,0,0,0,0,0,nba
2015,New York Knicks,32,50,0.39,18,23,14,27,0,0,0,0,0,0,0,0,nba
2015,Oklahoma City Thunder,55,27,0.671,32,9,23,18,0,0,0,0,0,0,0,0,nba
2015,Orlando Magic,35,47,0.427,23,18,12,29,0,0,0,0,0,0,0,0,nba
2015,Philadelphia 76ers,10,72,0.122,7,24,3,38,0,0,0,0,0,0,0,0,nba
2015,Phoenix Suns,23,59,0.28,14,27,9,32,0,0,0,0,0,0,0,0,nba
2015,Portland Trail Blazers,44,38,0.537,28,13,16,25,0,1,0,0,0,0,0,0,nba
2015,Sacramento Kings,33,49,0.402,18,23,15,26,0,0,0,0,0,0,0,0,nba
2015,San Antonio Spurs,67,15,0.817,40,1,27,14,0,1,0,0,0,0,0,0,nba
2015,Toronto Raptors,56,26,0.683,32,9,24,17,0,1,0,0,0,0,0,0,nba
2015,Utah Jazz,40,42,0.488,24,17,16,25,0,0,0,0,0,0,0,0,nba
2015,Washington Wizards,41,41,0.5,22,19,19,22,1,0,0,1,0,0,0,0,nba
2014,Atlanta Hawks,60,22,0.732,35,6,25,16,0,1,0,0,0,0,0,0,nba
2014,Boston Celtics,40,42,0.488,21,20,19,22,0,0,0,0,0,0,0,0,nba
2014,Brooklyn Nets,38,44,0.463,19,22,19,22,1,0,0,1,0,0,0,0,nba
2014,Charlotte Hornets,33,49,0.402,19,22,14,27,0,1,0,0,0,0,0,0,nba
2014,Chicago Bulls,50,32,0.61,27,14,23,18,0,1,0,0,0,0,0,0,nba
2014,Cleveland Cavaliers,53,29,0.646,31,10,22,19,0,0,0,0,0,0,0,0,nba
2014,Dallas Mavericks,50,32,0.61,27,14,23,18,0,1,0,0,0,0,0,0,nba
2014,Denver Nuggets,30,52,0.366,19,22,11,30,0,0,0,0,0,0,0,0,nba
2014,Detroit Pistons,32,50,0.39,18,23,14,27,0,0,0,0,0,0,0,0,nba
2014,Golden State Warriors,67,15,0.817,39,2,28,13,0,1,0,0,0,0,0,0,nba
2014,Houston Rockets,56,26,0.683,30,11,26,15,0,1,0,0,0,0,0,0,nba
2014,Indiana Pacers,38,44,0.463,23,18,15,26,1,0,1,0,0,1,0,0,nba
2014,Los Angeles Clippers,56,26,0.683,30,11,26,15,1,0,0,1,0,0,0,0,nba
2014,Los Angeles Lakers,21,61,0.256,12,29,9,32,0,0,0,0,0,0,0,0,nba
2014,Memphis Grizzlies,55,27,0.671,31,10,24,17,0,1,0,0,0,0,0,0,nba
2014,Miami Heat,37,45,0.451,20,21,17,24,1,0,1,0,1,0,0,1,nba
2014,Milwaukee Bucks,41,41,0.5,23,18,18,23,0,0,0,0,0,0,0,0,nba
2014,Minnesota Timberwolves,16,66,0.195,9,32,7,34,0,0,0,0,0,0,0,0,nba
2014,New Orleans Pelicans,45,37,0.549,28,13,17,24,0,0,0,0,0,0,0,0,nba
2014,New York Knicks,17,65,0.207,10,31,7,32,0,0,0,0,0,0,0,0,nba
2014,Oklahoma City Thunder,45,37,0.549,29,12,16,25,1,0,1,0,0,1,0,0,nba
2014,Orlando Magic,25,57,0.305,13,28,12,29,0,0,0,0,0,0,0,0,nba
2014,Philadelphia 76ers,18,64,0.22,12,29,6,35,0,0,0,0,0,0,0,0,nba
2014,Phoenix Suns,39,43,0.476,22,19,17,24,0,0,0,0,0,0,0,0,nba
2014,Portland Trail Blazers,51,31,0.622,32,9,19,22,1,0,0,1,0,0,0,0,nba
2014,Sacramento Kings,29,53,0.354,18,23,11,30,0,0,0,0,0,0,0,0,nba
2014,San Antonio Spurs,55,27,0.671,33,8,22,19,1,0,1,0,1,0,1,0,nba
2014,Toronto Raptors,49,33,0.598,27,14,22,19,0,1,0,0,0,0,0,0,nba
2014,Utah Jazz,38,44,0.463,21,20,17,24,0,0,0,0,0,0,0,0,nba
2014,Washington Wizards,46,36,0.561,29,12,17,24,1,0,0,1,0,0,0,0,nba
2013,Atlanta Hawks,38,44,0.463,24,17,14,27,0,1,0,0,0,0,0,0,nba
2013,Boston Celtics,25,57,0.305,16,25,9,32,0,1,0,0,0,0,0,0,nba
2013,Brooklyn Nets,44,38,0.537,28,13,16,25,0,1,0,0,0,0,0,0,nba
2013,Charlotte Bobcats,43,39,0.524,25,16,18,23,0,0,0,0,0,0,0,0,nba
2013,Chicago Bulls,48,34,0.585,27,14,21,20,1,0,0,1,0,0,0,0,nba
2013,Cleveland Cavaliers,33,49,0.402,19,22,14,27,0,0,0,0,0,0,0,0,nba
2013,Dallas Mavericks,49,33,0.598,26,15,23,18,0,0,0,0,0,0,0,0,nba
2013,Denver Nuggets,36,46,0.439,22,19,14,27,0,1,0,0,0,0,0,0,nba
2013,Detroit Pistons,29,53,0.354,17,24,12,29,0,0,0,0,0,0,0,0,nba
2013,Golden State Warriors,51,31,0.622,27,14,24,17,1,0,0,1,0,0,0,0,nba
2013,Houston Rockets,54,28,0.659,33,8,21,20,0,1,0,0,0,0,0,0,nba
2013,Indiana Pacers,56,26,0.683,35,6,21,20,1,0,1,0,0,1,0,0,nba
2013,Los Angeles Clippers,57,25,0.695,34,7,23,18,0,1,0,0,0,0,0,0,nba
2013,Los Angeles Lakers,27,55,0.329,14,27,13,28,0,1,0,0,0,0,0,0,nba
2013,Memphis Grizzlies,50,32,0.61,27,14,23,18,1,0,1,0,0,1,0,0,nba
2013,Miami Heat,54,28,0.659,32,9,22,19,1,0,1,0,1,0,1,0,nba
2013,Milwaukee Bucks,15,67,0.183,10,31,5,36,0,1,0,0,0,0,0,0,nba
2013,Minnesota Timberwolves,40,42,0.488,24,17,16,25,0,0,0,0,0,0,0,0,nba
2013,New Orleans Pelicans,34,48,0.415,22,19,12,29,0,0,0,0,0,0,0,0,nba
2013,New York Knicks,37,45,0.451,19,22,18,23,1,0,0,1,0,0,0,0,nba
2013,Oklahoma City Thunder,59,23,0.72,34,7,25,16,1,0,0,1,0,0,0,0,nba
2013,Orlando Magic,23,59,0.28,19,22,4,37,0,0,0,0,0,0,0,0,nba
2013,Philadelphia 76ers,19,63,0.232,10,31,9,32,0,0,0,0,0,0,0,0,nba
2013,Phoenix Suns,48,34,0.585,26,15,22,19,0,0,0,0,0,0,0,0,nba
2013,Portland Trail Blazers,54,28,0.659,31,10,23,18,0,0,0,0,0,0,0,0,nba
2013,Sacramento Kings,28,54,0.341,17,24,11,30,0,0,0,0,0,0,0,0,nba
2013,San Antonio Spurs,62,20,0.756,32,9,30,11,1,0,1,0,1,0,0,1,nba
2013,Toronto Raptors,48,34,0.585,26,15,22,19,0,0,0,0,0,0,0,0,nba
2013,Utah Jazz,25,57,0.305,16,25,9,32,0,0,0,0,0,0,0,0,nba
2013,Washington Wizards,44,38,0.537,22,19,22,19,0,0,0,0,0,0,0,0,nba
2012,Atlanta Hawks,44,38,0.537,25,16,19,22,0,1,0,0,0,0,0,0,nba
2012,Boston Celtics,41,40,0.506,27,13,14,27,1,0,1,0,0,1,0,0,nba
2012,Brooklyn Nets,49,33,0.598,26,15,23,18,0,0,0,0,0,0,0,0,nba
2012,Charlotte Bobcats,21,61,0.256,15,26,6,35,0,0,0,0,0,0,0,0,nba
2012,Chicago Bulls,45,37,0.549,24,17,21,20,0,1,0,0,0,0,0,0,nba
2012,Cleveland Cavaliers,24,58,0.293,14,27,10,31,0,0,0,0,0,0,0,0,nba
2012,Dallas Mavericks,41,41,0.5,24,17,17,24,0,1,0,0,0,0,0,0,nba
2012,Denver Nuggets,57,25,0.695,38,3,19,22,0,1,0,0,0,0,0,0,nba
2012,Detroit Pistons,29,53,0.354,18,23,11,30,0,0,0,0,0,0,0,0,nba
2012,Golden State Warriors,47,35,0.573,28,13,19,22,0,0,0,0,0,0,0,0,nba
2012,Houston Rockets,45,37,0.549,29,12,16,25,0,0,0,0,0,0,0,0,nba
2012,Indiana Pacers,49,32,0.605,30,11,19,21,1,0,0,1,0,0,0,0,nba
2012,Los Angeles Clippers,56,26,0.683,32,9,24,17,1,0,0,1,0,0,0,0,nba
2012,Los Angeles Lakers,45,37,0.549,29,12,16,25,1,0,0,1,0,0,0,0,nba
2012,Memphis Grizzlies,56,26,0.683,32,9,24,17,0,1,0,0,0,0,0,0,nba
2012,Miami Heat,66,16,0.805,37,4,29,12,1,0,1,0,1,0,1,0,nba
2012,Milwaukee Bucks,38,44,0.463,21,20,17,24,0,0,0,0,0,0,0,0,nba
2012,Minnesota Timberwolves,31,51,0.378,20,21,11,30,0,0,0,0,0,0,0,0,nba
2012,New Orleans Hornets,27,55,0.329,16,25,11,30,0,0,0,0,0,0,0,0,nba
2012,New York Knicks,54,28,0.659,31,10,23,18,0,1,0,0,0,0,0,0,nba
2012,Oklahoma City Thunder,60,22,0.732,34,7,26,15,1,0,1,0,1,0,0,1,nba
2012,Orlando Magic,20,62,0.244,12,29,8,33,0,1,0,0,0,0,0,0,nba
2012,Philadelphia 76ers,34,48,0.415,23,18,11,30,1,0,0,1,0,0,0,0,nba
2012,Phoenix Suns,25,57,0.305,17,24,8,33,0,0,0,0,0,0,0,0,nba
2012,Portland Trail Blazers,33,49,0.402,22,19,11,30,0,0,0,0,0,0,0,0,nba
2012,Sacramento Kings,28,54,0.341,20,21,8,33,0,0,0,0,0,0,0,0,nba
2012,San Antonio Spurs,58,24,0.707,35,6,23,18,1,0,1,0,0,1,0,0,nba
2012,Toronto Raptors,34,48,0.415,21,20,13,28,0,0,0,0,0,0,0,0,nba
2012,Utah Jazz,43,39,0.524,30,11,13,28,0,1,0,0,0,0,0,0,nba
2012,Washington Wizards,29,53,0.354,22,19,7,34,0,0,0,0,0,0,0,0,nba
2011,Atlanta Hawks,40,26,0.606,23,10,17,16,1,0,0,1,0,0,0,0,nba
2011,Boston Celtics,39,27,0.591,24,9,15,18,1,0,0,1,0,0,0,0,nba
2011,Charlotte Bobcats,7,59,0.106,4,29,3,30,0,0,0,0,0,0,0,0,nba
2011,Chicago Bulls,50,16,0.758,26,7,24,9,1,0,1,0,0,1,0,0,nba
2011,Cleveland Cavaliers,21,45,0.318,11,22,10,23,0,0,0,0,0,0,0,0,nba
2011,Dallas Mavericks,36,30,0.545,23,10,13,20,1,0,1,0,1,0,1,0,nba
2011,Denver Nuggets,38,28,0.576,20,13,18,15,0,1,0,0,0,0,0,0,nba
2011,Detroit Pistons,25,41,0.379,18,15,7,26,0,0,0,0,0,0,0,0,nba
2011,Golden State Warriors,23,43,0.348,12,21,11,22,0,0,0,0,0,0,0,0,nba
2011,Houston Rockets,34,32,0.515,22,11,12,21,0,0,0,0,0,0,0,0,nba
2011,Indiana Pacers,42,24,0.636,23,10,19,14,0,1,0,0,0,0,0,0,nba
2011,Los Angeles Clippers,40,26,0.606,24,9,16,17,0,0,0,0,0,0,0,0,nba
2011,Los Angeles Lakers,41,25,0.621,26,7,15,18,1,0,0,1,0,0,0,0,nba
2011,Memphis Grizzlies,41,25,0.621,26,7,15,18,1,0,0,1,0,0,0,0,nba
2011,Miami Heat,46,20,0.697,28,5,18,15,1,0,1,0,1,0,0,1,nba
2011,Milwaukee Bucks,31,35,0.47,17,16,14,19,0,0,0,0,0,0,0,0,nba
2011,Minnesota Timberwolves,26,40,0.394,13,20,13,20,0,0,0,0,0,0,0,0,nba
2011,New Jersey Nets,22,44,0.333,9,24,13,20,0,0,0,0,0,0,0,0,nba
2011,New Orleans Hornets,21,45,0.318,11,22,10,23,0,1,0,0,0,0,0,0,nba
2011,New York Knicks,36,30,0.545,22,11,14,19,0,1,0,0,0,0,0,0,nba
2011,Oklahoma City Thunder,47,19,0.712,26,7,21,12,1,0,1,0,0,1,0,0,nba
2011,Orlando Magic,37,29,0.561,21,12,16,17,0,1,0,0,0,0,0,0,nba
2011,Philadelphia 76ers,35,31,0.53,19,14,16,17,0,1,0,0,0,0,0,0,nba
2011,Phoenix Suns,33,33,0.5,19,14,14,19,0,0,0,0,0,0,0,0,nba
2011,Portland Trail Blazers,28,38,0.424,20,13,8,25,0,1,0,0,0,0,0,0,nba
2011,Sacramento Kings,22,44,0.333,16,17,6,27,0,0,0,0,0,0,0,0,nba
2011,San Antonio Spurs,50,16,0.758,28,5,22,11,0,1,0,0,0,0,0,0,nba
2011,Toronto Raptors,23,43,0.348,13,20,10,23,0,0,0,0,0,0,0,0,nba
2011,Utah Jazz,36,30,0.545,25,8,11,22,0,0,0,0,0,0,0,0,nba
2011,Washington Wizards,20,46,0.303,11,22,9,24,0,0,0,0,0,0,0,0,nba
2010,Atlanta Hawks,44,38,0.537,24,17,20,21,1,0,0,1,0,0,0,0,nba
2010,Boston Celtics,56,26,0.683,33,8,23,18,1,0,1,0,1,0,0,1,nba
2010,Charlotte Bobcats,34,48,0.415,21,20,13,28,0,1,0,0,0,0,0,0,nba
2010,Chicago Bulls,62,20,0.756,36,5,26,15,0,1,0,0,0,0,0,0,nba
2010,Cleveland Cavaliers,19,63,0.232,12,29,7,34,1,0,0,1,0,0,0,0,nba
2010,Dallas Mavericks,57,25,0.695,29,12,28,13,0,1,0,0,0,0,0,0,nba
2010,Denver Nuggets,50,32,0.61,33,8,17,24,0,1,0,0,0,0,0,0,nba
2010,Detroit Pistons,30,52,0.366,21,20,9,32,0,0,0,0,0,0,0,0,nba
2010,Golden State Warriors,36,46,0.439,26,15,10,31,0,0,0,0,0,0,0,0,nba
2010,Houston Rockets,43,39,0.524,25,16,18,23,0,0,0,0,0,0,0,0,nba
2010,Indiana Pacers,37,45,0.451,24,17,13,28,0,0,0,0,0,0,0,0,nba
2010,Los Angeles Clippers,32,50,0.39,23,18,9,32,0,0,0,0,0,0,0,0,nba
2010,Los Angeles Lakers,57,25,0.695,30,11,27,14,1,0,1,0,1,0,1,0,nba
2010,Memphis Grizzlies,46,36,0.561,30,11,16,25,0,0,0,0,0,0,0,0,nba
2010,Miami Heat,58,24,0.707,30,11,28,13,0,1,0,0,0,0,0,0,nba
2010,Milwaukee Bucks,35,47,0.427,22,19,13,28,0,1,0,0,0,0,0,0,nba
2010,Minnesota Timberwolves,17,65,0.207,12,29,5,36,0,0,0,0,0,0,0,0,nba
2010,New Jersey Nets,24,58,0.293,19,22,5,36,0,0,0,0,0,0,0,0,nba
2010,New Orleans Hornets,46,36,0.561,28,13,18,23,0,0,0,0,0,0,0,0,nba
2010,New York Knicks,42,40,0.512,23,18,19,22,0,0,0,0,0,0,0,0,nba
2010,Oklahoma City Thunder,55,27,0.671,30,11,25,16,0,1,0,0,0,0,0,0,nba
2010,Orlando Magic,52,30,0.634,29,12,23,18,1,0,1,0,0,1,0,0,nba
2010,Philadelphia 76ers,41,41,0.5,26,15,15,26,0,0,0,0,0,0,0,0,nba
2010,Phoenix Suns,40,42,0.488,23,18,17,24,1,0,1,0,0,1,0,0,nba
2010,Portland Trail Blazers,48,34,0.585,30,11,18,23,0,1,0,0,0,0,0,0,nba
2010,Sacramento Kings,24,58,0.293,11,30,13,28,0,0,0,0,0,0,0,0,nba
2010,San Antonio Spurs,61,21,0.744,36,5,25,16,1,0,0,1,0,0,0,0,nba
2010,Toronto Raptors,22,60,0.268,16,25,6,35,0,0,0,0,0,0,0,0,nba
2010,Utah Jazz,39,43,0.476,21,20,18,23,1,0,0,1,0,0,0,0,nba
2010,Washington Wizards,23,59,0.28,20,21,3,38,0,0,0,0,0,0,0,0,nba
2009,Atlanta Hawks,53,29,0.646,34,7,19,22,1,0,0,1,0,0,0,0,nba
2009,Boston Celtics,50,32,0.61,24,17,26,15,1,0,0,1,0,0,0,0,nba
2009,Charlotte Bobcats,44,38,0.537,31,10,13,28,0,0,0,0,0,0,0,0,nba
2009,Chicago Bulls,41,41,0.5,24,17,17,24,0,1,0,0,0,0,0,0,nba
2009,Cleveland Cavaliers,61,21,0.744,35,6,26,15,1,0,1,0,0,1,0,0,nba
2009,Dallas Mavericks,55,27,0.671,28,13,27,14,1,0,0,1,0,0,0,0,nba
2009,Denver Nuggets,53,29,0.646,34,7,19,22,1,0,1,0,0,1,0,0,nba
2009,Detroit Pistons,27,55,0.329,17,24,10,31,0,1,0,0,0,0,0,0,nba
2009,Golden State Warriors,26,56,0.317,18,23,8,33,0,0,0,0,0,0,0,0,nba
2009,Houston Rockets,42,40,0.512,23,18,19,22,1,0,0,1,0,0,0,0,nba
2009,Indiana Pacers,32,50,0.39,23,18,9,32,0,0,0,0,0,0,0,0,nba
2009,Los Angeles Clippers,29,53,0.354,21,20,8,33,0,0,0,0,0,0,0,0,nba
2009,Los Angeles Lakers,57,25,0.695,34,7,23,18,1,0,1,0,1,0,1,0,nba
2009,Memphis Grizzlies,40,42,0.488,23,18,17,24,0,0,0,0,0,0,0,0,nba
2009,Miami Heat,47,35,0.573,24,17,23,18,0,1,0,0,0,0,0,0,nba
2009,Milwaukee Bucks,46,36,0.561,28,13,18,23,0,0,0,0,0,0,0,0,nba
2009,Minnesota Timberwolves,15,67,0.183,10,31,5,36,0,0,0,0,0,0,0,0,nba
2009,New Jersey Nets,12,70,0.146,8,33,4,37,0,0,0,0,0,0,0,0,nba
2009,New Orleans Hornets,37,45,0.451,24,17,13,28,0,1,0,0,0,0,0,0,nba
2009,New York Knicks,29,53,0.354,18,23,11,30,0,0,0,0,0,0,0,0,nba
2009,Oklahoma City Thunder,50,32,0.61,27,14,23,18,0,0,0,0,0,0,0,0,nba
2009,Orlando Magic,59,23,0.72,34,7,25,16,1,0,1,0,1,0,0,1,nba
2009,Philadelphia 76ers,27,55,0.329,12,29,15,26,0,1,0,0,0,0,0,0,nba
2009,Phoenix Suns,54,28,0.659,32,9,22,19,0,0,0,0,0,0,0,0,nba
2009,Portland Trail Blazers,50,32,0.61,26,15,24,17,0,1,0,0,0,0,0,0,nba
2009,Sacramento Kings,25,57,0.305,18,23,7,34,0,0,0,0,0,0,0,0,nba
2009,San Antonio Spurs,50,32,0.61,29,12,21,20,0,1,0,0,0,0,0,0,nba
2009,Toronto Raptors,40,42,0.488,25,16,15,26,0,0,0,0,0,0,0,0,nba
2009,Utah Jazz,53,29,0.646,32,9,21,20,0,1,0,0,0,0,0,0,nba
2009,Washington Wizards,26,56,0.317,15,26,11,30,0,0,0,0,0,0,0,0,nba
2008,Atlanta Hawks,47,35,0.573,31,10,16,25,0,1,0,0,0,0,0,0,nba
2008,Boston Celtics,62,20,0.756,35,6,27,14,1,0,1,0,1,0,0,0,nba
2008,Charlotte Bobcats,35,47,0.427,23,18,12,29,0,0,0,0,0,0,0,0,nba
2008,Chicago Bulls,41,41,0.5,28,13,13,28,0,0,0,0,0,0,0,0,nba
2008,Cleveland Cavaliers,66,16,0.805,39,2,27,14,1,0,0,1,0,0,0,0,nba
2008,Dallas Mavericks,50,32,0.61,32,9,18,23,0,1,0,0,0,0,0,0,nba
2008,Denver Nuggets,54,28,0.659,33,8,21,20,0,1,0,0,0,0,0,0,nba
2008,Detroit Pistons,39,43,0.476,21,20,18,23,1,0,1,0,0,1,0,0,nba
2008,Golden State Warriors,29,53,0.354,21,20,8,33,0,0,0,0,0,0,0,0,nba
2008,Houston Rockets,53,29,0.646,33,8,20,21,0,1,0,0,0,0,0,0,nba
2008,Indiana Pacers,36,46,0.439,25,16,11,30,0,0,0,0,0,0,0,0,nba
2008,Los Angeles Clippers,19,63,0.232,11,30,8,33,0,0,0,0,0,0,0,0,nba
2008,Los Angeles Lakers,65,17,0.793,36,5,29,12,1,0,1,0,1,0,0,0,nba
2008,Memphis Grizzlies,24,58,0.293,16,25,8,33,0,0,0,0,0,0,0,0,nba
2008,Miami Heat,43,39,0.524,28,13,15,26,0,0,0,0,0,0,0,0,nba
2008,Milwaukee Bucks,34,48,0.415,22,19,12,29,0,0,0,0,0,0,0,0,nba
2008,Minnesota Timberwolves,24,58,0.293,11,30,13,28,0,0,0,0,0,0,0,0,nba
2008,New Jersey Nets,34,48,0.415,19,22,15,26,0,0,0,0,0,0,0,0,nba
2008,New Orleans Hornets,49,33,0.598,28,13,21,20,1,0,0,1,0,0,0,0,nba
2008,New York Knicks,32,50,0.39,20,21,12,29,0,0,0,0,0,0,0,0,nba
2008,Oklahoma City Thunder,23,59,0.28,15,26,8,33,0,0,0,0,0,0,0,0,nba
2008,Orlando Magic,59,23,0.72,32,9,27,14,1,0,0,1,0,0,0,0,nba
2008,Philadelphia 76ers,41,41,0.5,24,17,17,24,0,1,0,0,0,0,0,0,nba
2008,Phoenix Suns,46,36,0.561,28,13,18,23,0,1,0,0,0,0,0,0,nba
2008,Portland Trail Blazers,54,28,0.659,34,7,20,21,0,0,0,0,0,0,0,0,nba
2008,Sacramento Kings,17,65,0.207,11,30,6,35,0,0,0,0,0,0,0,0,nba
2008,San Antonio Spurs,54,28,0.659,28,13,26,15,1,0,1,0,0,1,0,0,nba
2008,Toronto Raptors,33,49,0.402,18,23,15,26,0,1,0,0,0,0,0,0,nba
2008,Utah Jazz,48,34,0.585,33,8,15,26,1,0,0,1,0,0,0,0,nba
2008,Washington Wizards,19,63,0.232,13,28,6,35,0,1,0,0,0,0,0,0,nba
2007,Atlanta Hawks,37,45,0.451,25,16,12,29,0,0,0,0,0,0,0,0,nba
2007,Boston Celtics,66,16,0.805,35,6,31,10,0,0,0,0,0,0,0,0,nba
2007,Charlotte Bobcats,32,50,0.39,21,20,11,30,0,0,0,0,0,0,0,0,nba
2007,Chicago Bulls,33,49,0.402,20,21,13,28,1,0,0,1,0,0,0,0,nba
2007,Cleveland Cavaliers,45,37,0.549,27,14,18,23,1,0,1,0,1,0,0,1,nba
2007,Dallas Mavericks,51,31,0.622,34,7,17,24,0,1,0,0,0,0,0,0,nba
2007,Denver Nuggets,50,32,0.61,33,8,17,24,0,1,0,0,0,0,0,0,nba
2007,Detroit Pistons,59,23,0.72,34,7,25,16,1,0,1,0,0,1,0,0,nba
2007,Golden State Warriors,48,34,0.585,27,14,21,20,1,0,0,1,0,0,0,0,nba
2007,Houston Rockets,55,27,0.671,31,10,24,17,0,1,0,0,0,0,0,0,nba
2007,Indiana Pacers,36,46,0.439,21,20,15,26,0,0,0,0,0,0,0,0,nba
2007,Los Angeles Clippers,23,59,0.28,13,28,10,31,0,0,0,0,0,0,0,0,nba
2007,Los Angeles Lakers,57,25,0.695,30,11,27,14,0,1,0,0,0,0,0,0,nba
2007,Memphis Grizzlies,22,60,0.268,14,27,8,33,0,0,0,0,0,0,0,0,nba
2007,Miami Heat,15,67,0.183,9,32,6,35,0,1,0,0,0,0,0,0,nba
2007,Milwaukee Bucks,26,56,0.317,19,22,7,34,0,0,0,0,0,0,0,0,nba
2007,Minnesota Timberwolves,22,60,0.268,15,26,7,34,0,0,0,0,0,0,0,0,nba
2007,New Jersey Nets,34,48,0.415,21,20,13,28,1,0,0,1,0,0,0,0,nba
2007,New Orleans Hornets,56,26,0.683,30,11,26,15,0,0,0,0,0,0,0,0,nba
2007,New York Knicks,23,59,0.28,15,26,8,33,0,0,0,0,0,0,0,0,nba
2007,Orlando Magic,52,30,0.634,25,16,27,14,0,1,0,0,0,0,0,0,nba
2007,Philadelphia 76ers,40,42,0.488,22,19,18,23,0,0,0,0,0,0,0,0,nba
2007,Phoenix Suns,55,27,0.671,30,11,25,16,1,0,0,1,0,0,0,0,nba
2007,Portland Trail Blazers,41,41,0.5,28,13,13,28,0,0,0,0,0,0,0,0,nba
2007,Sacramento Kings,38,44,0.463,26,15,12,29,0,0,0,0,0,0,0,0,nba
2007,San Antonio Spurs,56,26,0.683,34,7,22,19,0,0,1,0,1,0,1,0,nba
2007,Seattle SuperSonics,20,62,0.244,13,28,7,34,1,0,0,0,0,0,0,0,nba
2007,Toronto Raptors,41,41,0.5,25,16,16,25,0,1,0,0,0,0,0,0,nba
2007,Utah Jazz,54,28,0.659,37,4,17,24,1,0,1,0,0,1,0,0,nba
2007,Washington Wizards,43,39,0.524,25,16,18,23,0,1,0,0,0,0,0,0,nba
2006,Atlanta Hawks,30,52,0.366,18,23,12,29,0,0,0,0,0,0,0,0,nba
2006,Boston Celtics,24,58,0.293,12,29,12,29,0,0,0,0,0,0,0,0,nba
2006,Charlotte Bobcats,33,49,0.402,20,21,13,28,0,0,0,0,0,0,0,0,nba
2006,Chicago Bulls,49,33,0.598,31,10,18,23,0,1,0,0,0,0,0,0,nba
2006,Cleveland Cavaliers,50,32,0.61,30,11,20,21,1,0,0,1,0,0,0,0,nba
2006,Dallas Mavericks,67,15,0.817,36,5,31,10,1,0,1,0,1,0,0,1,nba
2006,Denver Nuggets,45,37,0.549,23,18,22,19,0,1,0,0,0,0,0,0,nba
2006,Detroit Pistons,53,29,0.646,26,15,27,14,1,0,1,0,0,1,0,0,nba
2006,Golden State Warriors,42,40,0.512,30,11,12,29,0,0,0,0,0,0,0,0,nba
2006,Houston Rockets,52,30,0.634,28,13,24,17,0,0,0,0,0,0,0,0,nba
2006,Indiana Pacers,35,47,0.427,22,19,13,28,0,1,0,0,0,0,0,0,nba
2006,Los Angeles Clippers,40,42,0.488,25,16,15,26,1,0,0,1,0,0,0,0,nba
2006,Los Angeles Lakers,42,40,0.512,25,16,17,24,0,1,0,0,0,0,0,0,nba
2006,Memphis Grizzlies,22,60,0.268,14,27,8,33,0,1,0,0,0,0,0,0,nba
2006,Miami Heat,44,38,0.537,27,14,17,24,1,0,1,0,1,0,1,0,nba
2006,Milwaukee Bucks,28,54,0.341,18,23,10,31,0,1,0,0,0,0,0,0,nba
2006,Minnesota Timberwolves,32,50,0.39,20,21,12,29,0,0,0,0,0,0,0,0,nba
2006,New Jersey Nets,41,41,0.5,24,17,17,24,1,0,0,1,0,0,0,0,nba
2006,New Orleans/Oklahoma City Hornets,39,43,0.476,24,17,15,26,0,0,0,0,0,0,0,0,nba
2006,New York Knicks,33,49,0.402,19,22,14,27,0,0,0,0,0,0,0,0,nba
2006,Orlando Magic,40,42,0.488,25,16,15,26,0,0,0,0,0,0,0,0,nba
2006,Philadelphia 76ers,35,47,0.427,21,20,14,27,0,0,0,0,0,0,0,0,nba
2006,Phoenix Suns,61,21,0.744,33,8,28,13,1,0,1,0,0,1,0,0,nba
2006,Portland Trail Blazers,32,50,0.39,18,23,14,27,0,0,0,0,0,0,0,0,nba
2006,Sacramento Kings,33,49,0.402,20,21,13,28,0,1,0,0,0,0,0,0,nba
2006,San Antonio Spurs,58,24,0.707,31,10,27,14,1,0,0,1,0,0,0,0,nba
2006,Seattle SuperSonics,31,51,0.378,20,21,11,30,0,0,0,0,0,0,0,0,nba
2006,Toronto Raptors,47,35,0.573,30,11,17,24,0,0,0,0,0,0,0,0,nba
2006,Utah Jazz,51,31,0.622,31,10,20,21,0,0,0,0,0,0,0,0,nba
2006,Washington Wizards,41,41,0.5,26,15,15,26,0,1,0,0,0,0,0,0,nba
2005,Atlanta Hawks,26,56,0.317,18,23,8,33,0,0,0,0,0,0,0,0,nba
2005,Boston Celtics,33,49,0.402,21,20,12,29,0,1,0,0,0,0,0,0,nba
2005,Charlotte Bobcats,26,56,0.317,17,24,9,32,0,0,0,0,0,0,0,0,nba
2005,Chicago Bulls,41,41,0.5,21,20,20,21,0,1,0,0,0,0,0,0,nba
2005,Cleveland Cavaliers,50,32,0.61,31,10,19,22,0,0,0,0,0,0,0,0,nba
2005,Dallas Mavericks,60,22,0.732,34,7,26,15,1,0,0,1,0,0,0,0,nba
2005,Denver Nuggets,44,38,0.537,26,15,18,23,0,1,0,0,0,0,0,0,nba
2005,Detroit Pistons,64,18,0.78,37,4,27,14,1,0,1,0,1,0,0,1,nba
2005,Golden State Warriors,34,48,0.415,21,20,13,28,0,0,0,0,0,0,0,0,nba
2005,Houston Rockets,34,48,0.415,15,26,19,22,0,1,0,0,0,0,0,0,nba
2005,Indiana Pacers,41,41,0.5,27,14,14,27,1,0,0,1,0,0,0,0,nba
2005,Los Angeles Clippers,47,35,0.573,27,14,20,21,0,0,0,0,0,0,0,0,nba
2005,Los Angeles Lakers,45,37,0.549,27,14,18,23,0,0,0,0,0,0,0,0,nba
2005,Memphis Grizzlies,49,33,0.598,30,11,19,22,0,1,0,0,0,0,0,0,nba
2005,Miami Heat,52,30,0.634,31,10,21,20,1,0,1,0,0,1,0,0,nba
2005,Milwaukee Bucks,40,42,0.488,25,16,15,26,0,0,0,0,0,0,0,0,nba
2005,Minnesota Timberwolves,33,49,0.402,24,17,9,32,0,0,0,0,0,0,0,0,nba
2005,New Jersey Nets,49,33,0.598,29,12,20,21,0,1,0,0,0,0,0,0,nba
2005,New Orleans/Oklahoma City Hornets,38,44,0.463,24,17,14,27,0,0,0,0,0,0,0,0,nba
2005,New York Knicks,23,59,0.28,15,26,8,33,0,0,0,0,0,0,0,0,nba
2005,Orlando Magic,36,46,0.439,26,15,10,31,0,0,0,0,0,0,0,0,nba
2005,Philadelphia 76ers,38,44,0.463,23,18,15,26,0,1,0,0,0,0,0,0,nba
2005,Phoenix Suns,54,28,0.659,31,10,23,18,1,0,1,0,0,1,0,0,nba
2005,Portland Trail Blazers,21,61,0.256,15,26,11,19,0,0,0,0,0,0,0,0,nba
2005,Sacramento Kings,44,38,0.537,27,14,17,24,0,1,0,0,0,0,0,0,nba
2005,San Antonio Spurs,63,19,0.768,34,7,29,12,1,0,1,0,1,0,1,0,nba
2005,Seattle SuperSonics,35,47,0.427,22,19,13,28,1,0,0,1,0,0,0,0,nba
2005,Toronto Raptors,27,55,0.329,15,26,12,29,0,0,0,0,0,0,0,0,nba
2005,Utah Jazz,41,41,0.5,22,19,19,22,0,0,0,0,0,0,0,0,nba
2005,Washington Wizards,42,40,0.512,27,14,15,26,1,0,0,1,0,0,0,0,nba
2004,Atlanta Hawks,13,69,0.159,9,32,4,37,0,0,0,0,0,0,0,0,nba
2004,Boston Celtics,45,37,0.549,27,14,18,23,0,1,0,0,0,0,0,0,nba
2004,Charlotte Bobcats,18,64,0.22,14,27,4,37,0,0,0,0,0,0,0,0,nba
2004,Chicago Bulls,47,35,0.573,27,14,20,21,0,0,0,0,0,0,0,0,nba
2004,Cleveland Cavaliers,42,40,0.512,29,12,13,28,0,0,0,0,0,0,0,0,nba
2004,Dallas Mavericks,58,24,0.707,29,12,29,12,0,1,0,0,0,0,0,0,nba
2004,Denver Nuggets,49,33,0.598,31,10,18,23,0,1,0,0,0,0,0,0,nba
2004,Detroit Pistons,54,28,0.659,32,9,22,19,1,0,1,0,1,0,1,0,nba
2004,Golden State Warriors,34,48,0.415,20,21,14,27,0,0,0,0,0,0,0,0,nba
2004,Houston Rockets,51,31,0.622,26,15,25,16,0,1,0,0,0,0,0,0,nba
2004,Indiana Pacers,44,38,0.537,25,16,19,22,1,0,1,0,0,1,0,0,nba
2004,Los Angeles Clippers,37,45,0.451,27,14,10,31,0,0,0,0,0,0,0,0,nba
2004,Los Angeles Lakers,34,48,0.415,22,19,12,29,1,0,1,0,1,0,0,1,nba
2004,Memphis Grizzlies,45,37,0.549,26,15,19,22,0,1,0,0,0,0,0,0,nba
2004,Miami Heat,59,23,0.72,35,6,24,17,1,0,0,1,0,0,0,0,nba
2004,Milwaukee Bucks,30,52,0.366,23,18,7,34,0,1,0,0,0,0,0,0,nba
2004,Minnesota Timberwolves,44,38,0.537,24,17,20,21,1,0,1,0,0,1,0,0,nba
2004,New Jersey Nets,42,40,0.512,24,17,18,23,1,0,0,1,0,0,0,0,nba
2004,New Orleans Hornets,18,64,0.22,11,30,7,37,0,1,0,0,0,0,0,0,nba
2004,New York Knicks,33,49,0.402,22,19,11,30,0,1,0,0,0,0,0,0,nba
2004,Orlando Magic,36,46,0.439,24,17,12,29,0,0,0,0,0,0,0,0,nba
2004,Philadelphia 76ers,43,39,0.524,25,16,18,23,0,0,0,0,0,0,0,0,nba
2004,Phoenix Suns,62,20,0.756,31,10,31,10,0,0,0,0,0,0,0,0,nba
2004,Portland Trail Blazers,27,55,0.329,18,23,9,32,0,0,0,0,0,0,0,0,nba
2004,Sacramento Kings,50,32,0.61,30,11,20,21,1,0,0,1,0,0,0,0,nba
2004,San Antonio Spurs,59,23,0.72,38,3,21,20,1,0,0,1,0,0,0,0,nba
2004,Seattle SuperSonics,52,30,0.634,26,15,26,15,0,0,0,0,0,0,0,0,nba
2004,Toronto Raptors,33,49,0.402,22,19,11,30,0,0,0,0,0,0,0,0,nba
2004,Utah Jazz,26,56,0.317,18,23,8,33,0,0,0,0,0,0,0,0,nba
2004,Washington Wizards,45,37,0.549,29,12,16,25,0,0,0,0,0,0,0,0,nba
2003,Atlanta Hawks,28,54,0.341,18,23,10,31,0,0,0,0,0,0,0,0,nba
2003,Boston Celtics,36,46,0.439,19,22,17,24,1,0,0,1,0,0,0,0,nba
2003,Chicago Bulls,23,59,0.28,14,27,9,32,0,0,0,0,0,0,0,0,nba
2003,Cleveland Cavaliers,35,47,0.427,23,18,12,29,0,0,0,0,0,0,0,0,nba
2003,Dallas Mavericks,52,30,0.634,36,5,16,25,1,0,1,0,0,1,0,0,nba
2003,Denver Nuggets,43,39,0.524,29,12,14,27,0,0,0,0,0,0,0,0,nba
2003,Detroit Pistons,54,28,0.659,31,10,23,18,1,0,1,0,0,1,0,0,nba
2003,Golden State Warriors,37,45,0.451,27,14,10,31,0,0,0,0,0,0,0,0,nba
2003,Houston Rockets,45,37,0.549,27,14,18,23,0,0,0,0,0,0,0,0,nba
2003,Indiana Pacers,61,21,0.744,34,7,27,14,0,1,0,0,0,0,0,0,nba
2003,Los Angeles Clippers,28,54,0.341,18,23,10,31,0,0,0,0,0,0,0,0,nba
2003,Los Angeles Lakers,56,26,0.683,34,7,22,19,1,0,0,1,0,0,0,0,nba
2003,Memphis Grizzlies,50,32,0.61,31,10,19,22,0,0,0,0,0,0,0,0,nba
2003,Miami Heat,42,40,0.512,29,12,13,28,0,0,0,0,0,0,0,0,nba
2003,Milwaukee Bucks,41,41,0.5,27,14,14,27,0,1,0,0,0,0,0,0,nba
2003,Minnesota Timberwolves,58,24,0.707,31,10,27,14,0,1,0,0,0,0,0,0,nba
2003,New Jersey Nets,47,35,0.573,28,13,19,22,1,0,1,0,1,0,0,1,nba
2003,New Orleans Hornets,41,41,0.5,25,16,16,25,0,1,0,0,0,0,0,0,nba
2003,New York Knicks,39,43,0.476,23,18,16,25,0,0,0,0,0,0,0,0,nba
2003,Orlando Magic,21,61,0.256,11,30,10,31,0,1,0,0,0,0,0,0,nba
2003,Philadelphia 76ers,33,49,0.402,21,20,12,29,1,0,0,1,0,0,0,0,nba
2003,Phoenix Suns,29,53,0.354,18,23,11,30,0,1,0,0,0,0,0,0,nba
2003,Portland Trail Blazers,41,41,0.5,25,16,16,25,0,1,0,0,0,0,0,0,nba
2003,Sacramento Kings,55,27,0.671,34,7,21,20,1,0,0,1,0,0,0,0,nba
2003,San Antonio Spurs,57,25,0.695,33,8,24,17,1,0,1,0,1,0,1,0,nba
2003,Seattle SuperSonics,37,45,0.451,21,20,16,25,0,0,0,0,0,0,0,0,nba
2003,Toronto Raptors,33,49,0.402,18,23,15,26,0,0,0,0,0,0,0,0,nba
2003,Utah Jazz,42,40,0.512,28,13,14,27,0,1,0,0,0,0,0,0,nba
2003,Washington Wizards,25,57,0.305,17,24,8,33,0,0,0,0,0,0,0,0,nba
2002,Atlanta Hawks,35,47,0.427,26,15,9,32,0,0,0,0,0,0,0,0,nba
2002,Boston Celtics,44,38,0.537,25,16,19,22,1,0,1,0,0,1,0,0,nba
2002,Chicago Bulls,30,52,0.366,27,14,3,38,0,0,0,0,0,0,0,0,nba
2002,Cleveland Cavaliers,17,65,0.207,14,27,3,38,0,0,0,0,0,0,0,0,nba
2002,Dallas Mavericks,60,22,0.732,33,8,27,14,1,0,0,1,0,0,0,0,nba
2002,Denver Nuggets,17,65,0.207,13,28,4,37,0,0,0,0,0,0,0,0,nba
2002,Detroit Pistons,50,32,0.61,30,11,20,21,1,0,0,1,0,0,0,0,nba
2002,Golden State Warriors,38,44,0.463,24,17,14,27,0,0,0,0,0,0,0,0,nba
2002,Houston Rockets,43,39,0.524,28,13,15,26,0,0,0,0,0,0,0,0,nba
2002,Indiana Pacers,48,34,0.585,32,9,16,25,0,1,0,0,0,0,0,0,nba
2002,Los Angeles Clippers,27,55,0.329,16,25,11,30,0,0,0,0,0,0,0,0,nba
2002,Los Angeles Lakers,50,32,0.61,31,10,19,22,1,0,1,0,1,0,1,0,nba
2002,Memphis Grizzlies,28,54,0.341,20,21,8,33,0,0,0,0,0,0,0,0,nba
2002,Miami Heat,25,57,0.305,16,25,9,32,0,0,0,0,0,0,0,0,nba
2002,Milwaukee Bucks,42,40,0.512,25,16,17,24,0,0,0,0,0,0,0,0,nba
2002,Minnesota Timberwolves,51,31,0.622,33,8,18,23,0,1,0,0,0,0,0,0,nba
2002,New Jersey Nets,49,33,0.598,33,8,16,25,1,0,1,0,1,0,0,1,nba
2002,New Orleans Hornets,47,35,0.573,29,12,18,23,1,0,0,1,0,0,0,0,nba
2002,New York Knicks,37,45,0.451,24,17,13,28,0,0,0,0,0,0,0,0,nba
2002,Orlando Magic,42,40,0.512,26,15,16,25,0,1,0,0,0,0,0,0,nba
2002,Philadelphia 76ers,48,34,0.585,25,16,23,18,0,1,0,0,0,0,0,0,nba
2002,Phoenix Suns,44,38,0.537,30,11,14,27,0,0,0,0,0,0,0,0,nba
2002,Portland Trail Blazers,50,32,0.61,27,14,23,18,0,1,0,0,0,0,0,0,nba
2002,Sacramento Kings,59,23,0.72,35,6,24,17,1,0,1,0,0,1,0,0,nba
2002,San Antonio Spurs,60,22,0.732,33,8,27,14,1,0,0,1,0,0,0,0,nba
2002,Seattle SuperSonics,40,42,0.488,25,16,15,26,0,1,0,0,0,0,0,0,nba
2002,Toronto Raptors,24,58,0.293,15,26,9,32,0,1,0,0,0,0,0,0,nba
2002,Utah Jazz,47,35,0.573,29,12,18,23,0,1,0,0,0,0,0,0,nba
2002,Washington Wizards,37,45,0.451,23,18,14,27,0,0,0,0,0,0,0,0,nba
2001,Atlanta Hawks,33,49,0.402,23,18,10,31,0,0,0,0,0,0,0,0,nba
2001,Boston Celtics,49,33,0.598,27,14,22,19,0,0,0,0,0,0,0,0,nba
2001,Charlotte Hornets,44,38,0.537,21,20,23,18,1,0,0,1,0,0,0,0,nba
2001,Chicago Bulls,21,61,0.256,14,27,7,34,0,0,0,0,0,0,0,0,nba
2001,Cleveland Cavaliers,29,53,0.354,20,21,9,32,0,0,0,0,0,0,0,0,nba
2001,Dallas Mavericks,57,25,0.695,30,11,27,14,1,0,0,1,0,0,0,0,nba
2001,Denver Nuggets,27,55,0.329,20,21,7,34,0,0,0,0,0,0,0,0,nba
2001,Detroit Pistons,50,32,0.61,26,15,24,17,0,0,0,0,0,0,0,0,nba
2001,Golden State Warriors,21,61,0.256,14,27,7,34,0,0,0,0,0,0,0,0,nba
2001,Houston Rockets,28,54,0.341,18,23,10,31,0,0,0,0,0,0,0,0,nba
2001,Indiana Pacers,42,40,0.512,25,16,17,24,0,1,0,0,0,0,0,0,nba
2001,Los Angeles Clippers,39,43,0.476,25,16,14,27,0,0,0,0,0,0,0,0,nba
2001,Los Angeles Lakers,58,24,0.707,34,7,24,17,1,0,1,0,1,0,1,0,nba
2001,Memphis Grizzlies,23,59,0.28,15,26,8,33,0,0,0,0,0,0,0,0,nba
2001,Miami Heat,36,46,0.439,18,23,18,23,0,1,0,0,0,0,0,0,nba
2001,Milwaukee Bucks,41,41,0.5,25,16,16,25,1,0,1,0,0,1,0,0,nba
2001,Minnesota Timberwolves,50,32,0.61,29,12,21,20,0,1,0,0,0,0,0,0,nba
2001,New Jersey Nets,52,30,0.634,33,8,19,22,0,0,0,0,0,0,0,0,nba
2001,New York Knicks,30,52,0.366,19,22,11,30,0,1,0,0,0,0,0,0,nba
2001,Orlando Magic,44,38,0.537,27,14,17,24,0,1,0,0,0,0,0,0,nba
2001,Philadelphia 76ers,43,39,0.524,22,19,21,20,1,0,1,0,1,0,0,1,nba
2001,Phoenix Suns,36,46,0.439,23,18,13,28,0,1,0,0,0,0,0,0,nba
2001,Portland Trail Blazers,49,33,0.598,30,11,19,22,0,1,0,0,0,0,0,0,nba
2001,Sacramento Kings,61,21,0.744,36,5,25,16,1,0,0,1,0,0,0,0,nba
2001,San Antonio Spurs,58,24,0.707,32,9,26,15,1,0,1,0,0,1,0,0,nba
2001,Seattle SuperSonics,45,37,0.549,26,15,19,22,0,0,0,0,0,0,0,0,nba
2001,Toronto Raptors,42,40,0.512,24,17,18,23,1,0,0,1,0,0,0,0,nba
2001,Utah Jazz,44,38,0.537,25,16,19,22,0,1,0,0,0,0,0,0,nba
2001,Washington Wizards,37,45,0.451,22,19,15,26,0,0,0,0,0,0,0,0,nba
2000,Atlanta Hawks,25,57,0.305,18,23,7,34,0,0,0,0,0,0,0,0,nba
2000,Boston Celtics,36,46,0.439,20,21,16,25,0,0,0,0,0,0,0,0,nba
2000,Charlotte Hornets,46,36,0.561,28,13,18,23,0,1,0,0,0,0,0,0,nba
2000,Chicago Bulls,15,67,0.183,10,31,5,36,0,0,0,0,0,0,0,0,nba
2000,Cleveland Cavaliers,30,52,0.366,20,21,10,31,0,0,0,0,0,0,0,0,nba
2000,Dallas Mavericks,53,29,0.646,28,13,25,16,0,0,0,0,0,0,0,0,nba
2000,Denver Nuggets,40,42,0.488,29,12,11,30,0,0,0,0,0,0,0,0,nba
2000,Detroit Pistons,32,50,0.39,18,23,14,27,0,1,0,0,0,0,0,0,nba
2000,Golden State Warriors,17,65,0.207,11,30,6,35,0,0,0,0,0,0,0,0,nba
2000,Houston Rockets,45,37,0.549,24,17,21,20,0,0,0,0,0,0,0,0,nba
2000,Indiana Pacers,41,41,0.5,26,15,15,26,1,0,1,0,1,0,0,1,nba
2000,Los Angeles Clippers,31,51,0.378,22,19,9,32,0,0,0,0,0,0,0,0,nba
2000,Los Angeles Lakers,56,26,0.683,31,10,25,16,1,0,1,0,1,0,1,0,nba
2000,Miami Heat,50,32,0.61,29,12,21,20,1,0,0,1,0,0,0,0,nba
2000,Milwaukee Bucks,52,30,0.634,31,10,21,20,0,1,0,0,0,0,0,0,nba
2000,Minnesota Timberwolves,47,35,0.573,30,11,17,24,0,1,0,0,0,0,0,0,nba
2000,New Jersey Nets,26,56,0.317,18,23,8,33,0,0,0,0,0,0,0,0,nba
2000,New York Knicks,48,34,0.585,30,11,18,23,1,0,1,0,0,1,0,0,nba
2000,Orlando Magic,43,39,0.524,26,15,17,24,0,0,0,0,0,0,0,0,nba
2000,Philadelphia 76ers,56,26,0.683,29,12,27,14,1,0,0,1,0,0,0,0,nba
2000,Phoenix Suns,51,31,0.622,31,10,20,21,1,0,0,1,0,0,0,0,nba
2000,Portland Trail Blazers,50,32,0.61,28,13,22,19,1,0,1,0,0,1,0,0,nba
2000,Sacramento Kings,55,27,0.671,33,8,22,19,0,1,0,0,0,0,0,0,nba
2000,San Antonio Spurs,58,24,0.707,33,8,25,16,0,1,0,0,0,0,0,0,nba
2000,Seattle SuperSonics,44,38,0.537,26,15,18,23,0,1,0,0,0,0,0,0,nba
2000,Toronto Raptors,47,35,0.573,27,14,20,21,0,1,0,0,0,0,0,0,nba
2000,Utah Jazz,53,29,0.646,28,13,25,16,1,0,0,1,0,0,0,0,nba
2000,Vancouver Grizzlies,23,59,0.28,15,26,8,33,0,0,0,0,0,0,0,0,nba
2000,Washington Wizards,19,63,0.232,12,29,7,34,0,0,0,0,0,0,0,0,nba
1999,Atlanta Hawks,28,54,0.341,21,20,7,34,1,0,0,1,0,0,0,0,nba
1999,Boston Celtics,35,47,0.427,26,15,9,32,0,0,0,0,0,0,0,0,nba
1999,Charlotte Hornets,49,33,0.598,30,11,19,22,0,0,0,0,0,0,0,0,nba
1999,Chicago Bulls,17,65,0.207,12,29,5,36,0,0,0,0,0,0,0,0,nba
1999,Cleveland Cavaliers,32,50,0.39,22,19,10,31,0,0,0,0,0,0,0,0,nba
1999,Dallas Mavericks,40,42,0.488,22,19,18,23,0,0,0,0,0,0,0,0,nba
1999,Denver Nuggets,35,47,0.427,25,16,10,31,0,0,0,0,0,0,0,0,nba
1999,Detroit Pistons,42,40,0.512,27,14,15,26,0,1,0,0,0,0,0,0,nba
1999,Golden State Warriors,19,63,0.232,12,29,7,34,0,0,0,0,0,0,0,0,nba
1999,Houston Rockets,34,48,0.415,22,19,12,29,0,1,0,0,0,0,0,0,nba
1999,Indiana Pacers,56,26,0.683,36,5,20,21,1,0,1,0,0,1,0,0,nba
1999,Los Angeles Clippers,15,67,0.183,10,31,5,36,0,0,0,0,0,0,0,0,nba
1999,Los Angeles Lakers,67,15,0.817,36,5,31,10,1,0,0,1,0,0,0,0,nba
1999,Miami Heat,52,30,0.634,33,8,19,22,0,1,0,0,0,0,0,0,nba
1999,Milwaukee Bucks,42,40,0.512,23,18,19,22,0,1,0,0,0,0,0,0,nba
1999,Minnesota Timberwolves,50,32,0.61,26,15,24,17,0,1,0,0,0,0,0,0,nba
1999,New Jersey Nets,31,51,0.378,22,19,9,32,0,0,0,0,0,0,0,0,nba
1999,New York Knicks,50,32,0.61,33,8,17,24,1,0,1,0,1,0,0,1,nba
1999,Orlando Magic,41,41,0.5,26,15,15,26,0,1,0,0,0,0,0,0,nba
1999,Philadelphia 76ers,49,33,0.598,29,12,20,21,1,0,0,1,0,0,0,0,nba
1999,Phoenix Suns,53,29,0.646,32,9,21,20,0,1,0,0,0,0,0,0,nba
1999,Portland Trail Blazers,59,23,0.72,30,11,29,12,1,0,1,0,0,1,0,0,nba
1999,Sacramento Kings,44,38,0.537,30,11,14,27,0,1,0,0,0,0,0,0,nba
1999,San Antonio Spurs,53,29,0.646,31,10,22,19,1,0,1,0,1,0,1,0,nba
1999,Seattle SuperSonics,45,37,0.549,24,17,21,20,0,0,0,0,0,0,0,0,nba
1999,Toronto Raptors,45,37,0.549,26,15,19,22,0,0,0,0,0,0,0,0,nba
1999,Utah Jazz,55,27,0.671,31,10,24,17,1,0,0,1,0,0,0,0,nba
1999,Vancouver Grizzlies,22,60,0.268,12,29,10,31,0,0,0,0,0,0,0,0,nba
1999,Washington Wizards,29,53,0.354,17,24,12,29,0,0,0,0,0,0,0,0,nba
1998,Atlanta Hawks,31,19,0.62,16,9,15,10,0,1,0,0,0,0,0,0,nba
1998,Boston Celtics,19,31,0.38,9,16,9,16,0,0,0,0,0,0,0,0,nba
1998,Charlotte Hornets,26,24,0.52,16,9,10,15,1,0,0,1,0,0,0,0,nba
1998,Chicago Bulls,13,37,0.26,8,17,5,20,1,0,1,0,1,0,1,0,nba
1998,Cleveland Cavaliers,22,28,0.44,15,10,7,18,0,1,0,0,0,0,0,0,nba
1998,Dallas Mavericks,19,31,0.38,15,10,4,21,0,0,0,0,0,0,0,0,nba
1998,Denver Nuggets,14,36,0.28,12,13,2,23,0,0,0,0,0,0,0,0,nba
1998,Detroit Pistons,29,21,0.58,17,8,12,13,0,0,0,0,0,0,0,0,nba
1998,Golden State Warriors,21,29,0.42,13,12,8,17,0,0,0,0,0,0,0,0,nba
1998,Houston Rockets,31,19,0.62,19,6,12,13,0,1,0,0,0,0,0,0,nba
1998,Indiana Pacers,33,17,0.66,18,7,15,10,1,0,1,0,0,1,0,0,nba
1998,Los Angeles Clippers,9,41,0.18,6,19,3,22,0,0,0,0,0,0,0,0,nba
1998,Los Angeles Lakers,31,19,0.62,18,7,13,12,1,0,1,0,0,1,0,0,nba
1998,Miami Heat,33,17,0.66,18,7,15,10,0,1,0,0,0,0,0,0,nba
1998,Milwaukee Bucks,28,22,0.56,17,8,11,14,0,0,0,0,0,0,0,0,nba
1998,Minnesota Timberwolves,25,25,0.5,18,7,7,18,0,1,0,0,0,0,0,0,nba
1998,New Jersey Nets,16,34,0.32,12,13,4,21,0,1,0,0,0,0,0,0,nba
1998,New York Knicks,27,23,0.54,19,6,8,17,1,0,0,1,0,0,0,0,nba
1998,Orlando Magic,33,17,0.66,21,4,12,13,0,0,0,0,0,0,0,0,nba
1998,Philadelphia 76ers,28,22,0.56,17,8,11,14,0,0,0,0,0,0,0,0,nba
1998,Phoenix Suns,27,23,0.54,15,10,12,13,0,1,0,0,0,0,0,0,nba
1998,Portland Trail Blazers,35,15,0.7,22,3,13,12,0,1,0,0,0,0,0,0,nba
1998,Sacramento Kings,27,23,0.54,16,9,11,14,0,0,0,0,0,0,0,0,nba
1998,San Antonio Spurs,37,13,0.74,21,4,16,9,1,0,0,1,0,0,0,0,nba
1998,Seattle SuperSonics,25,25,0.5,17,8,8,17,1,0,0,1,0,0,0,0,nba
1998,Toronto Raptors,23,27,0.46,14,11,9,16,0,0,0,0,0,0,0,0,nba
1998,Utah Jazz,37,13,0.74,22,3,15,10,1,0,1,0,1,0,0,1,nba
1998,Vancouver Grizzlies,8,42,0.16,7,18,1,24,0,0,0,0,0,0,0,0,nba
1998,Washington Wizards,18,32,0.36,13,12,5,20,0,0,0,0,0,0,0,0,nba